{
  "carowner": [
    {
      "carName": "Car 1",
      "availablility": "Available",
      "totalcars": "4",
      "cartype": "Volvo",
      "id": 1
    },
    {
      "carName": "Car 2",
      "availablility": "Available",
      "totalcars": "3",
      "cartype": "Audi",
      "id": 2
    },
    {
      "carName": "Car 3",
      "availablility": " Not Available",
      "totalcars": "1",
      "cartype": "BMW",
      "id": 3
    },
    {
      "carName": "Car 4",
      "availablility": "Available",
      "totalcars": "6",
      "cartype": "Benz",
      "id": 4
    },
    {
      "carName": "Car 5",
      "availablility": "Not Available",
      "totalcars": "0",
      "cartype": "Volvo",
      "id": 5
    },
    {
      "carName": "Car 6",
      "availablility": "Available",
      "totalcars": "5",
      "cartype": "Benz",
      "id": 6
    },
    {
      "carName": "Car 7",
      "availablility": "Available",
      "totalcars": "3",
      "cartype": "Audi",
      "id": 10
    },
    {
      "carName": "Car 8",
      "availablility": "Available",
      "totalcars": "2",
      "cartype": "BMW",
      "id": 11
    }
  ]
}